,o,h,l,c,v,sma9,sma20,sma50,sma200,lower,upper,atr
0,23.98,24.225,23.56,24.15,1201080,,,,,,,0.6650000000000027
1,24.12,24.45,23.9,24.44,871295,,,,,,,0.6567857142857169
2,24.61,24.96,24.32,24.45,985169,,,,,,,0.65558673469388
3,24.79,25.12,24.55,25.12,642681,,,,,,,0.6566162536443172
4,24.43,24.715,24.36,24.5,941338,,,,,,,0.6640008069554375
5,23.84,24.275,23.82,24.22,1597186,,,,,,,0.6651436064586206
6,22.89,23.3,22.19,22.37,3208140,,,,,,,0.7626333488544332
7,22.63,22.73,21.92,22.72,2892220,,,,,,,0.7660166810791165
8,22.03,22.12,21.4316,21.69,4954272,23.74,,,,,,0.803329775287751
9,20.15,20.15,17.7,19.29,2360528,23.2,,,,,,1.0309490770529117
10,19.71,19.71,18.61,19.43,2655258,22.64,,,,,,1.0358812858348467
11,17.57,18.74,17.51,18.08,4435636,21.94,,,,,,1.099032622560929
12,17.93,18.97,17.58,18.94,3964964,21.25,,,,,,1.11981600666372
13,17.61,18.08,17.055,17.64,2222236,20.49,,,,,,1.17447200618774
14,17.16,18.23,17.12,17.8,1530826,19.77,,,,17.97875511607799,24.68796530287968,1.1698668628886157
15,18.4,18.53,16.9,16.92,2963176,19.17,,,,17.44448809421555,24.370441485872416,1.202733515539429
16,17.04,17.48,16.81,16.92,3504610,18.52,,,,16.970787310729783,23.978284421722755,1.1646811215723272
17,18.17,18.695,18.04,18.65,2692836,18.19,,,,16.73734271708242,23.415666495714405,1.2082753271743036
18,19.53,20.41,19.28,20.01,3390470,18.27,,,,16.705473371427853,22.811257271817492,1.2476842323761392
19,20.31,21.465,20.31,21.38,5179354,18.48,20.94,,,16.800731847701133,22.307940192121706,1.2624925014921293
20,20.54,21.44,20.23,21.01,6523626,18.81,20.78,,,16.935472018481722,21.835852741403112,1.2587430370998345
21,21.18,21.555,21.115,21.5,2220722,19.09,20.63,,,16.98170182581073,21.542088258328594,1.2077613915927032
22,21.05,21.75,21.05,21.4,2536680,19.51,20.48,,,17.021354320887557,21.372577305460485,1.171492720764653
23,20.45,20.85,20.399,20.48,1861564,19.81,20.25,,,17.052683448990265,21.184711001152227,1.1593146692814635
24,20.24,20.54,20.1,20.44,2140094,20.2,20.04,,,17.19422032658896,21.222115191771085,1.1079350500470733
25,20.59,20.88,20.52,20.74,1651948,20.62,19.87,,,17.26388172846014,21.3280839153957,1.0602254036151395
26,20.92,21.69,20.89,21.64,1913072,20.96,19.83,,,17.467288088809394,21.563311573239755,1.0523521604997725
27,21.8,21.8,21.14,21.17,2698742,21.08,19.76,,,17.692436575984537,21.78513950045826,1.0243270061783603
28,21.28,21.66,21.11,21.54,1466200,21.1,19.75,,,18.041006723942864,21.94371807416328,0.990446505737049
29,21.89,22.805,21.84,22.68,2131662,21.29,19.92,,,18.428811785871385,22.22645116636296,1.010057469612974
30,22.55,22.555,22.09,22.51,1125276,21.4,20.07,,,18.941298211640348,22.42155120000029,0.9800533646406188
31,22.06,22.58,22.06,22.45,1913414,21.52,20.29,,,19.61879439461888,22.405363842454985,0.9471924100234317
32,21.62,21.8,21.44,21.52,1581496,21.63,20.42,,,20.122818027012737,22.297566909252556,0.9516786664503293
33,22.26,22.36,22.01,22.32,1733806,21.84,20.65,,,20.39784672601828,22.373635984818495,0.9437016188467343
34,23.38,23.38,22.84,23.06,1702512,22.1,20.92,,,20.467716052780787,22.623615142051456,0.9520086460719676
35,23.12,23.56,23.06,23.16,2071176,22.27,21.23,,,20.584003711297225,22.871427036442114,0.9197223142096842
36,22.42,22.67,22.14,22.16,1380504,22.38,21.49,,,20.639742639700742,22.95389302803861,0.9268850060518496
37,22.55,22.68,22.42,22.66,1022040,22.5,21.69,,,20.711482096837,23.025145337872726,0.8978217913338604
38,22.32,22.56,22.0,22.01,1661008,22.43,21.79,,,20.878943269422226,23.07288856591588,0.880834520524299
39,21.68,21.76,21.45,21.72,995056,22.34,21.81,,,21.091698939548387,23.027678599208542,0.8579177690582778
40,22.29,22.39,22.191,22.31,1204892,22.32,21.87,,,21.29313919957231,23.007198106094226,0.8444950712684008
41,22.97,23.055,22.78,22.82,1279554,22.47,21.94,,,21.45048415371735,23.08320326928407,0.8373882804635151
42,23.19,23.38,23.15,23.28,1038604,22.58,22.03,,,21.57480643782801,23.194324841571877,0.8175748318589783
43,22.9,23.01,22.44,22.68,1446824,22.53,22.14,,,21.73837925710495,23.22801972752051,0.8191766295833369
44,22.68,22.769,22.34,22.51,1014362,22.46,22.25,,,21.78468658591488,23.22520227111321,0.7913068703273842
45,22.43,22.47,22.25,22.42,1285348,22.49,22.33,,,21.79826482258367,23.221675404487524,0.753356379589714
46,22.34,22.68,22.3,22.48,1068062,22.47,22.37,,,21.81877766274267,23.22741552984727,0.7266880667618772
47,22.37,22.4,22.07,22.09,1185002,22.48,22.42,,,21.91646716249117,23.21404255886676,0.7040674905646003
48,22.59,23.0,22.56,22.94,1389968,22.61,22.49,,,21.961672459171197,23.24861512982563,0.7187769555242718
49,23.05,23.25,23.0,23.12,1028112,22.7,22.51,21.63,,21.959086707234373,23.22912237305026,0.6895786015582522
50,22.97,23.34,22.91,23.18,1670434,22.74,22.54,21.61,,21.963081791696823,23.19018458620889,0.67103727287552
51,23.31,23.31,22.82,22.83,1224188,22.69,22.56,21.58,,22.00209555769036,23.254431897717982,0.658106039098697
52,22.85,22.89,22.265,22.41,1271212,22.66,22.61,21.54,,21.989328039431427,23.267579332858734,0.6557413220202186
53,21.89,22.13,21.71,22.13,2305580,22.62,22.6,21.48,,21.944231709844708,23.269175008603877,0.6589026561616316
54,21.8,21.97,21.67,21.92,1523466,22.57,22.54,21.43,,21.98859820216362,23.253160016979095,0.6446953235786578
55,22.45,22.835,22.41,22.77,1197932,22.6,22.52,21.4,,22.008083041561147,23.268093939600274,0.6640028004658964
56,22.53,22.61,22.355,22.38,1351324,22.63,22.53,21.4,,21.98935084724988,23.237350589414337,0.6462168861469038
57,23.32,23.32,22.91,23.04,1694054,22.64,22.55,21.4,,21.999049993231683,23.227899610174138,0.6672013942792678
58,23.1,23.16,22.83,22.85,962282,22.61,22.59,21.43,,22.009980476647833,23.244863286203657,0.6431155804021774
59,22.85,23.09,22.79,22.985,952982,22.59,22.66,21.5,,22.030572836177438,23.272004132954603,0.6186073246591648
60,23.31,23.39,23.17,23.21,1177920,22.63,22.7,21.58,,22.0588478310127,23.34348705871052,0.6033496586120817
61,23.04,23.21,22.85,23.19,1194694,22.72,22.72,21.68,,22.09221795651186,23.381799013694113,0.5859675401397901
62,23.56,23.93,23.56,23.68,1758930,22.89,22.74,21.77,,22.14537369878687,23.52670975477681,0.5969698587012335
63,23.57,23.58,22.99,23.3,1488946,23.04,22.77,21.89,,22.167639390458763,23.58510150268353,0.6036148687940027
64,23.57,23.84,23.515,23.8,922546,23.16,22.84,22.01,,22.163573014236324,23.660456024837163,0.5990709495944311
65,23.97,23.995,23.8207,23.97,666446,23.34,22.91,22.15,,22.15587544349537,23.74792488632745,0.5702087389091146
66,24.27,24.63,24.23,24.6,925900,23.51,23.02,22.3,,22.145256105345837,23.947837376184538,0.5766224004156064
67,24.32,24.5597,24.235,24.29,2253724,23.67,23.13,22.41,,22.218368194873744,24.128193342214065,0.5615065146716347
68,24.02,24.35,23.97,24.23,1044042,23.81,23.19,22.5,,22.41971223089479,24.237755684341433,0.548541763623661
69,24.02,24.32,24.0,24.28,1333482,23.93,23.25,22.56,,22.67122247137828,24.289051912171292,0.5322173519362567
70,23.62,24.02,23.62,23.9,1501962,24.01,23.29,22.62,,22.798934413036815,24.331417980879056,0.5413446839408098
71,24.04,24.22,23.915,24.04,1260390,24.05,23.35,22.67,,22.963933685249472,24.36222704069043,0.5255343493736092
72,23.47,23.5,22.715,22.8,1069582,23.99,23.37,22.69,,22.933482064820517,24.363334630484637,0.5826390387040656
73,23.58,23.62,23.21,23.21,264956,23.92,23.42,22.75,,22.982821772563213,24.362217277767563,0.5995933930823467
74,23.05,23.41,22.86,23.33,1132988,23.85,23.49,22.81,,22.99406017132852,24.351718744681904,0.5960510078621792
75,23.87,23.95,23.5,23.67,1089458,23.75,23.54,22.86,,23.024650059902186,24.36573247870424,0.597761650157738
76,23.79,23.96,23.66,23.79,864848,23.69,23.61,22.91,,23.11462371885819,24.364229492984247,0.5764929608607567
77,23.45,23.49,23.28,23.43,679368,23.61,23.63,22.95,,23.08933610265613,24.356864671663402,0.5717434636564168
78,23.94,24.04,23.44,23.49,899120,23.52,23.66,22.99,,23.144721550179455,24.373231366167577,0.5744760733952441
79,23.83,24.0,23.64,23.99,785464,23.53,23.71,23.02,,23.153541892378374,24.381512600236572,0.5698706395812982
80,24.15,24.25,24.06,24.15,859932,23.54,23.76,23.05,,23.15735304701281,24.403772501773272,0.5477370224683485
81,23.49,23.57,23.09,23.27,1575338,23.59,23.76,23.07,,23.094798385047092,24.309825076108943,0.5843272351491807
82,23.34,23.67,23.24,23.67,1160934,23.64,23.76,23.11,,23.06527547869522,24.21439605759827,0.5733038612099538
83,23.72,23.755,23.36,23.46,1341613,23.66,23.77,23.13,,23.046773662406547,24.149969405188266,0.5605678711235285
84,23.39,23.62,23.24,23.62,1910611,23.65,23.76,23.14,,23.02571022168679,24.07852853076566,0.5476701660432767
85,23.14,23.59,23.1,23.56,2385884,23.63,23.74,23.15,,22.98988561451882,24.048247623050415,0.5456937256116141
86,23.43,23.68,23.35,23.63,1186645,23.65,23.69,23.18,,22.986818177239883,23.98354448987561,0.5302870309250701
87,23.36,23.46,23.3,23.36,1826725,23.63,23.64,23.2,,23.070480823460233,23.983901649288214,0.5159808144304221
88,23.43,23.655,23.43,23.53,862499,23.58,23.61,23.23,,23.0875110621634,23.985203996704715,0.5001964705425349
89,23.33,23.46,23.22,23.23,575962,23.48,23.56,23.26,,23.144577810587187,23.98402924898104,0.48661100836092547
90,23.16,23.41,23.14,23.38,545033,23.49,23.53,23.28,,23.114265762949007,23.955187457096958,0.4711387934780022
91,23.24,23.25,22.82,23.0,1252835,23.42,23.48,23.28,,23.03536044789002,23.923459132097715,0.4774860225152877
92,23.0,23.08,22.9,23.04,556475,23.37,23.49,23.28,,22.990149697379433,23.933622683070215,0.45623702090705287
93,22.9,23.03,22.57,22.62,946710,23.26,23.46,23.28,,22.883155789824137,23.88125865603441,0.4572200908422633
94,22.4,22.72,22.3,22.67,1323383,23.16,23.43,23.28,,22.738701515225976,23.839935510096662,0.4545615129249586
95,23.2,23.2,22.96,23.08,818612,23.1,23.4,23.29,,22.754284933646474,23.705894527540718,0.4599499762874614
96,22.9,22.96,22.79,22.885,865468,23.05,23.35,23.3,,22.726325808131367,23.683048779163396,0.4478106922669284
97,22.75,22.94,22.63,22.9,827263,22.98,23.33,23.32,,22.673343028369885,23.64096154568253,0.4379670713907194
98,22.71,22.92,22.59,22.91,1032266,22.94,23.3,23.32,,22.620913657182342,23.576866500743012,0.43025513771995383
99,22.71,22.83,22.56,22.72,1675418,22.87,23.23,23.31,,22.570782933044406,23.526662929836867,0.42452262788281436
100,22.44,22.99,22.42,22.98,1796692,22.87,23.18,23.3,,22.50762501906696,23.473051917173187,0.4349138687483274
101,21.55,21.85,21.18,21.18,2025294,22.66,23.07,23.27,,22.180634039786316,23.47574266002714,0.5324200209805898
102,21.55,21.64,21.04,21.12,2359260,22.49,22.94,23.24,,21.902841847835123,23.47240263945937,0.5372471623391193
103,21.72,21.82,21.51,21.53,1774350,22.37,22.85,23.23,,21.767482182804386,23.38064609221463,0.5488723650291821
104,21.68,21.92,21.59,21.61,3153319,22.2,22.75,23.23,,21.661814089202423,23.290366535782614,0.5375243389556692
105,21.87,22.0,21.76,21.96,2291082,22.1,22.67,23.21,,21.59413203249288,23.188063268904997,0.5269868861731214
106,21.47,21.79,21.23,21.76,2155740,21.97,22.57,23.2,,21.460078178736513,23.098139206789675,0.5414878228750414
107,21.36,21.405,21.025,21.17,2126352,21.78,22.46,23.16,,21.313538460190497,23.02874596772898,0.5553101212411101
108,21.62,21.825,21.55,21.7,1617546,21.67,22.37,23.14,,21.254342296569984,22.939204304586788,0.562430826866745
109,21.33,21.43,21.24,21.34,1892202,21.49,22.28,23.1,,21.168760285309645,22.88269242306249,0.5551143392334061
110,21.83,21.92,21.65,21.67,1801942,21.54,22.19,23.07,,21.14808633876654,22.74317333904274,0.5568918864310202
111,21.97,22.12,21.94,22.1,3173188,21.65,22.15,23.05,,21.152462148173218,22.64324782885145,0.5492567516859473
112,22.02,22.2,22.01,22.165,1379278,21.72,22.1,23.02,,21.160437951740196,22.54340750609382,0.523595555136951
113,22.2,22.225,22.12,22.15,993772,21.78,22.08,23.0,,21.17477311909589,22.438841505132363,0.4936958726271688
114,22.64,22.69,22.37,22.38,1263192,21.83,22.07,22.97,,21.185758872708046,22.411766017588146,0.49700331029665695
115,22.94,23.295,22.89,23.155,2640122,21.98,22.07,22.95,,21.148879408183095,22.48735336209589,0.5268602167040388
116,23.1,23.25,23.01,23.05,512330,22.19,22.08,22.92,,21.187716754882697,22.674777693101156,0.5063702012251788
117,22.7,22.7,22.47,22.51,455035,22.28,22.06,22.89,,21.298076853932233,22.749746342604872,0.5116294725662377
118,22.74,22.84,22.7,22.77,843994,22.44,22.05,22.86,,21.35292380651214,22.83311276628449,0.4986559388115063
119,22.85,22.85,22.715,22.78,829480,22.56,22.05,22.83,,21.409373803324097,22.907686933938365,0.47268051461068455
120,22.92,22.97,22.7,22.735,933754,22.63,22.04,22.8,,21.456052916257732,22.98929413442552,0.45820333499563565
121,22.53,22.75,22.48,22.63,1105494,22.68,22.11,22.78,,21.581074410923343,23.038867772882305,0.4447602396388045
122,22.57,22.735,22.54,22.73,987456,22.75,22.19,22.78,,21.769836352252923,23.060390070755755,0.4269202225217471
123,22.99,23.0484,22.92,23.02,1623452,22.82,22.27,22.77,,21.880830188465676,23.12149825567491,0.4191687780559081
124,23.03,23.04,22.75,22.82,1143242,22.78,22.33,22.76,,22.08665764589317,23.12564704523154,0.4099424367662003
125,22.62,22.899,22.62,22.84,636574,22.76,22.37,22.74,,22.224565326848513,23.130877472838876,0.40058940556861455
126,22.97,22.97,22.67,22.73,1041709,22.78,22.42,22.72,,22.319683710697095,23.140633554597688,0.39340444802799907
127,22.86,22.88,22.74,22.82,907954,22.79,22.5,22.71,,22.4193620744017,23.13214177613702,0.37601841602599906
128,22.67,22.8339,22.62,22.66,940668,22.78,22.55,22.69,,22.504774182687395,23.100062723891064,0.3644385291669991
129,22.39,22.49,22.28,22.38,1276740,22.74,22.6,22.66,,22.486293217309857,23.110175086999035,0.3655500627979277
130,22.72,23.2,22.72,23.18,1256025,22.8,22.68,22.64,,22.484059199857036,23.092112389756327,0.39801077259807577
131,23.42,23.445,22.66,22.75,1345056,22.8,22.71,22.63,,22.488783489589,23.13458875977384,0.4256528602696418
132,22.81,22.86,22.26,22.65,1451272,22.76,22.74,22.61,,22.45014291549938,23.138252472466775,0.4381062273932387
133,22.75,22.985,22.655,22.7,1419793,22.75,22.76,22.6,,22.44813839658247,23.147295066735218,0.43074149686515023
134,23.16,23.465,23.13,23.33,1154641,22.8,22.81,22.59,,22.432357911117904,23.226732207195106,0.45461710423192525
135,23.275,23.28,22.79,22.82,968349,22.81,22.8,22.58,,22.435643399498634,23.259534052324508,0.4607158825010734
136,23.0,23.14,22.83,23.01,885170,22.83,22.79,22.56,,22.46038259120411,23.279200470171823,0.450664748036711
137,23.25,23.31,23.08,23.13,800694,22.88,22.82,22.56,,22.47728017691876,23.31520279971542,0.4399029803198029
138,23.3,23.405,23.29,23.38,447725,22.99,22.85,22.56,,22.463128974410886,23.35412315350801,0.42812419601124574
139,23.51,23.59,23.32,23.37,561279,23.02,22.88,22.56,,22.4630644991446,23.420251109672893,0.416829610581871
140,23.125,23.355,23.11,23.29,500422,23.08,22.91,22.56,,22.487929047056642,23.450107391554567,0.4056274955403089
141,23.35,23.49,23.195,23.34,357701,23.15,22.95,22.56,,22.510976452426743,23.49269237185916,0.3977255315731439
142,22.26,22.28,21.77,22.03,884564,23.08,22.91,22.54,,22.345790384314498,23.52462073781909,0.4814594221750622
143,21.76,21.96,21.63,21.88,845811,22.92,22.86,22.53,,22.188187571074735,23.569282868247782,0.47564089201970083
144,22.36,22.44,22.105,22.13,586647,22.84,22.82,22.52,,22.16440128905777,23.570466211331958,0.48166654258972236
145,21.84,21.88,21.53,21.685,1260367,22.69,22.76,22.49,,22.00592461848207,23.570108829360553,0.490118932404742
146,21.76,22.315,21.76,22.25,573369,22.6,22.74,22.48,,21.907211177296773,23.505113813086236,0.5001104372329749
147,22.51,22.57,22.3364,22.42,430028,22.49,22.72,22.47,,21.914536310862534,23.492516187454008,0.48724540600204813
148,22.36,22.44,22.2,22.24,963977,22.36,22.7,22.46,,21.87796871789529,23.467013195338065,0.4695850198590449
149,22.34,22.485,22.26,22.35,757009,22.26,22.7,22.45,,21.837666534261444,23.38452479010778,0.4535432327262561
150,22.18,22.3,21.98,22.28,2168554,22.14,22.65,22.43,,21.777536436607125,23.316011091119545,0.44757585896009505
151,22.3,22.675,22.29,22.6,1039219,22.2,22.64,22.46,,21.75060971576061,23.273993809214048,0.4438204404629454
152,22.81,22.93,22.77,22.89,804123,22.32,22.66,22.5,,21.74908766316329,23.227818610807745,0.43569040900130634
153,22.57,22.57,22.17,22.23,1118899,22.33,22.63,22.51,,21.727975694407327,23.13409806249884,0.45599823692978436
154,21.82,21.854,21.63,21.69,1616689,22.33,22.55,22.51,,21.66804613567165,22.97800377422552,0.4662840771490856
155,21.84,21.9,21.78,21.81,809603,22.28,22.5,22.51,,21.639584853167797,22.841500527865193,0.44797807163843645
156,21.84,22.14,21.83,22.06,1341995,22.24,22.45,22.52,,21.66254203457188,22.635540562526227,0.4395510665214054
157,22.2,22.305,22.15,22.25,1093797,22.24,22.41,22.54,,21.6923264680688,22.637071617339767,0.42565456176987654
158,22.19,22.21,22.03,22.09,816504,22.21,22.34,22.55,,21.737493764796742,22.639974619427022,0.41096495021488527
159,22.13,22.155,21.88,22.0,785189,22.18,22.28,22.56,,21.719731865522434,22.62278495106301,0.4012531680566793
160,21.33,21.48,21.3,21.45,914325,22.05,22.18,22.55,,21.6741497324179,22.64930284564599,0.4225922274812022
161,22.0,22.25,21.98,22.04,1158959,21.96,22.12,22.55,,21.696150123818356,22.645020137428407,0.44954992551825923
162,22.14,22.2,21.65,21.66,953946,21.89,22.1,22.54,,21.6471156753973,22.611972935558704,0.4567249308383836
163,22.06,22.175,22.01,22.01,1024679,21.93,22.11,22.54,,21.6391058235891,22.59124540556889,0.4608874357784991
164,21.81,21.935,21.735,21.76,649721,21.92,22.09,22.53,,21.6078963163932,22.55610494171383,0.44760976179432077
165,21.53,21.57,21.365,21.42,1277684,21.85,22.08,22.49,,21.53549545848213,22.542261546658988,0.4438519216661552
166,21.44,21.44,21.2457,21.39,757026,21.76,22.03,22.46,,21.445809825680357,22.47295943536143,0.42602678440428715
167,21.13,21.18,20.84,20.93,855447,21.63,21.96,22.43,,21.329482143052694,22.343850251964746,0.43488201408969523
168,21.0,21.05,20.8643,20.9,1044580,21.51,21.89,22.39,,21.207957044575185,22.268865307109422,0.4170832987975742
169,20.23,20.33,20.0699,20.14,1596173,21.36,21.78,22.34,,20.94164212235595,22.325253666001117,0.4465844917406045
170,19.97,20.27,19.8,20.04,2693287,21.14,21.67,22.28,,20.665267328224605,22.33072935216351,0.44825702804484696
171,19.69,19.88,19.52,19.73,1682067,20.92,21.52,22.23,,20.378475907999878,22.301478186203763,0.45338152604164356
172,20.45,20.49,20.11,20.37,2988250,20.74,21.4,22.18,,20.2371278000252,22.186459877542724,0.4752828456100975
173,20.95,21.235,20.91,21.15,2283707,20.67,21.34,22.14,,20.202060078023845,22.08813246997773,0.5031197852093762
174,21.04,21.22,20.98,21.06,2880221,20.63,21.31,22.11,,20.177576318000593,21.989867994426216,0.48432551483727776
175,21.82,22.02,21.79,21.88,1608270,20.69,21.32,22.09,,20.185105738538144,22.050637377188675,0.5183022637774722
176,22.05,22.13,21.95,22.07,1669445,20.82,21.32,22.07,,20.185700501385917,22.032396857664438,0.49913781636479565
177,24.56,24.73,23.84,23.84,1891915,21.14,21.4,22.09,,20.052621081129946,22.598958013140823,0.6534851151958817
178,23.86,23.99,23.66,23.68,2339298,21.54,21.48,22.11,,19.996357337598724,22.885248879538075,0.630379035539033
179,23.73,23.83,23.655,23.73,2007133,21.95,21.56,22.14,,19.98048971104249,23.134465819279605,0.5978519615719591
180,23.86,23.9165,23.61,23.65,2208841,22.38,21.67,22.15,,20.015238057876896,23.399884124670628,0.5770411071739621
181,23.27,23.485,23.27,23.405,768061,22.72,21.74,22.16,,20.087493632454336,23.586850066897366,0.5629667423758218
182,23.48,23.51,23.17,23.25,1530723,22.95,21.82,22.18,,20.21453361334038,23.771357203559354,0.5470405464918345
183,22.84,22.85,22.63,22.72,1343692,23.14,21.86,22.18,,20.342137450959967,23.871616447313674,0.5522519360281322
184,22.95,23.147,22.94,23.0,1875349,23.26,21.92,22.17,,20.60228297389186,23.98082207615455,0.5433053691689799
185,23.3,23.73,23.2,23.66,2744558,23.44,22.03,22.19,,20.95142020416924,24.11805721885796,0.5566406999426242
186,23.76,23.76,23.58,23.63,1314127,23.41,22.14,22.2,,21.431678471278754,24.17235163654052,0.5297377928038657
187,23.62,23.71,23.42,23.59,1943661,23.4,22.27,22.21,,21.86308781171459,24.196819591965436,0.5126136647464467
188,23.5,23.51,23.33,23.455,1381907,23.37,22.4,22.21,,22.178203451539993,24.206072039934483,0.494569831550272
189,23.33,23.51,23.27,23.4,2987399,23.35,22.57,22.21,,22.5490858436156,24.15138835677759,0.4763862721538242
190,23.22,23.415,23.18,23.37,654858,23.34,22.73,22.21,,22.773488045104806,24.121247571085483,0.4591443955714081
191,23.57,23.71,23.36,23.37,548379,23.36,22.91,22.21,,23.0319681015076,24.071485868814428,0.4513483673163076
192,23.57,23.74,23.57,23.71,336049,23.46,23.08,22.25,,23.038195555812987,23.88380648666457,0.4455377696508569
193,23.7,23.78,23.55,23.64,302100,23.54,23.21,22.28,,23.038855316087208,23.853968219715853,0.4301422146757957
194,23.67,23.82,23.62,23.77,349877,23.55,23.34,22.31,,23.039454667114832,23.852659475774683,0.413703485056096
195,23.66,23.85,23.64,23.85,504017,23.57,23.44,22.36,,23.03903466815188,23.842867798137352,0.3991532361235178
196,23.73,24.01,23.68,23.93,453673,23.61,23.53,22.39,,23.05130369552503,23.899120147878023,0.39421371925755233
197,23.96,24.15,23.89,24.12,329868,23.68,23.55,22.43,,23.07177423817003,23.97197397507334,0.3846270250248699
198,24.34,24.36,24.13,24.25,433673,23.78,23.58,22.47,,23.192854005833574,24.04080928070875,0.37429652323737905
199,24.28,24.49,24.26,24.38,356712,23.89,23.61,22.51,22.47,23.260842216769415,24.13900280573488,0.364703914434709
200,23.95,24.17,23.94,24.16,475060,23.98,23.63,22.54,22.47,23.315768400976644,24.178447207408396,0.37008220626080107
201,24.1,24.13,23.91,23.92,489863,24.0,23.66,22.57,22.47,23.329866099443024,24.208724751619254,0.361504905813601
202,23.79,23.945,23.73,23.91,336042,24.03,23.69,22.59,22.47,23.35649049528065,24.220643789523546,0.3510402696840581
203,24.07,24.15,24.03,24.085,271301,24.07,23.76,22.63,22.46,23.40539316813049,24.248836063285797,0.3431088218494824
204,24.45,24.46,24.29,24.36,392834,24.12,23.83,22.68,22.46,23.466768097433494,24.31322250911914,0.34538676314594796
205,24.41,24.48,24.24,24.43,431821,24.18,23.87,22.73,22.46,23.56492318146952,24.35781032419789,0.3378591372069518
206,23.86,24.11,23.65,24.08,425855,24.18,23.89,22.77,22.47,23.61116707976577,24.364368640035796,0.36944062740645534
207,23.9,24.04,23.8589,24.02,324460,24.15,23.91,22.81,22.48,23.644100857065524,24.36425191363517,0.3588448683059942
208,24.23,24.26,24.07,24.16,408614,24.12,23.95,22.85,22.49,23.69436686381104,24.3771036533661,0.3503559491412805
209,24.37,24.42,24.3,24.4,167027,24.15,24.0,22.9,22.52,23.73803667607053,24.404465534889393,0.3439019527740463
210,24.63,24.82,24.62,24.72,371337,24.24,24.06,22.96,22.54,23.769477684240492,24.501116414576718,0.34933752757590025
211,25.15,25.2,24.87,24.95,400053,24.36,24.14,23.02,22.58,23.79312845379711,24.671171037202825,0.35867056132047886
212,25.0,25.0,24.75,24.75,314697,24.43,24.19,23.08,22.61,23.819518798363493,24.76338767563555,0.3509083783690161
213,24.59,24.67,24.535,24.66,224177,24.46,24.25,23.14,22.64,23.83516224563704,24.79027665710904,0.34120063705694353
214,25.4,25.45,24.85,24.92,546395,24.52,24.3,23.2,22.68,23.838325122875474,24.940343924946358,0.37325773441001897
215,24.79,25.01,24.72,25.0,750096,24.62,24.36,23.27,22.72,23.882000857926236,25.006163809343704,0.3673107533807321
216,25.51,26.06,25.4575,25.95,859069,24.83,24.46,23.36,22.76,23.903056110394125,25.262409741913803,0.4167885567106797
217,25.53,25.56,25.285,25.42,618350,24.97,24.53,23.45,22.8,23.993969337563914,25.375325503304328,0.4345179455170597
218,25.65,25.83,25.51,25.71,464719,25.12,24.6,23.55,22.82,24.04894277690487,25.517693187304463,0.4327666636944123
219,25.31,25.435,25.18,25.27,375202,25.18,24.64,23.65,22.84,24.096312918190055,25.58531910045225,0.43971190200195437
220,24.95,25.015,24.815,25.0,839066,25.19,24.69,23.75,22.86,24.14579450574764,25.607060391924534,0.44080390900181465
221,24.93,25.01,24.8,24.86,758340,25.2,24.73,23.85,22.88,24.30463884570631,25.616711683706264,0.42431791550168513
222,24.89,25.1,24.84,24.94,387009,25.23,24.78,23.94,22.9,24.444161541038277,25.613136072537532,0.41258092153727915
223,24.76,24.88,24.56,24.78,444280,25.21,24.82,24.02,22.92,24.52799270416682,25.599636644136336,0.4102537128560451
224,24.83,24.97,24.7353,24.91,499165,25.2,24.85,24.09,22.94,24.592135049204096,25.58988230037617,0.3977141619377562
225,24.87,25.11,24.84,25.1,300583,25.11,24.88,24.16,22.96,24.616030674779317,25.5959321747338,0.38859172179934504
226,24.98,25.115,24.9,25.1,413954,25.07,24.93,24.22,22.98,24.618262671791328,25.591227912505826,0.37619231309939183
227,25.57,25.7,25.53,25.53,691079,25.05,25.01,24.25,23.0,24.635950843791797,25.652513546563775,0.39217857644943516
228,25.55,25.65,25.41,25.65,614246,25.1,25.08,24.29,23.02,24.699401991019275,25.693170523118678,0.38130867813161823
229,25.84,25.91,25.72,25.88,459887,25.19,25.16,24.34,23.04,24.71703003408513,25.752983405135804,0.37264377255078845
230,25.55,25.71,25.375,25.46,705698,25.26,25.19,24.37,23.05,24.768520070639088,25.797074246422845,0.3820977887971606
231,25.38,25.73,25.36,25.5,582277,25.32,25.22,24.41,23.07,24.76747640579083,25.743727566569135,0.381233661025935
232,25.12,25.21,24.78,24.82,414552,25.33,25.22,24.44,23.09,24.726332119534746,25.719357010172104,0.4054312566669395
233,25.21,25.38,25.13,25.36,455136,25.38,25.26,24.5,23.1,24.71953875345477,25.665255678491313,0.4164718811907295
234,25.48,25.69,25.42,25.64,329553,25.44,25.29,24.55,23.11,24.72445378855672,25.69424217666131,0.41029531824853466
235,25.47,25.52,25.27,25.415,425784,25.47,25.31,24.59,23.13,24.759714555878848,25.717980614700824,0.4074170812307823
236,25.31,25.545,25.26,25.49,475803,25.47,25.29,24.62,23.14,24.79953476736713,25.739916387577345,0.39867300400001215
237,25.22,25.325,25.11,25.19,589371,25.42,25.28,24.65,23.15,24.82759438168148,25.744385740188097,0.39733921800001126
238,25.39,25.41,25.165,25.26,726775,25.35,25.26,24.69,23.17,24.91217008095293,25.740965836395077,0.38645784528572485
239,24.79,25.025,24.77,24.98,530969,25.3,25.24,24.72,23.19,24.91837012463759,25.737868308209986,0.3938537134796018
240,24.85,24.88,24.61,24.73,567431,25.21,25.23,24.75,23.2,24.877063481506664,25.749611838090335,0.3921498768024875
241,25.27,25.36,25.19,25.3,529353,25.26,25.25,24.79,23.21,24.90671627394246,25.75240497744369,0.40913917131659544
242,25.56,25.908,25.55,25.85,508333,25.32,25.3,24.83,23.22,24.906469380848513,25.78298184230258,0.42334351622255295
243,25.94,26.08,25.863,25.9,579046,25.35,25.35,24.88,23.24,24.895164141815805,25.84719535178026,0.40953326506379895
244,25.48,25.635,25.31,25.61,1027121,25.37,25.39,24.91,23.26,24.893596194701313,25.812670203720746,0.42242374613067046
245,25.21,25.42,25.06,25.38,553257,25.36,25.4,24.94,23.27,24.873813581914884,25.788042929146222,0.43153633569276545
246,25.1,25.1,24.79,24.79,830406,25.31,25.39,24.96,23.28,24.823696226048682,25.751525914229436,0.4428551688575679
247,24.54,24.61,24.38,24.39,590194,25.21,25.33,24.97,23.29,24.751553069634465,25.77309942796217,0.4405083710820274
248,24.35,24.57,24.31,24.52,401340,25.16,25.27,24.97,23.3,24.64172520663333,25.77444712996671,0.42761491600473983
249,24.27,24.4,24.08,24.37,513167,25.12,25.2,24.97,23.31,24.494696997513145,25.738527728754757,0.4284995648615442
250,24.41,24.53,24.0,24.08,471042,24.99,25.13,24.97,23.31,24.356334049117947,25.700053657964794,0.43574959594286256
251,23.82,23.84,23.49,23.49,1043637,24.73,25.03,24.96,23.32,24.139182002835252,25.681301176191745,0.4467674819469438
252,23.9,23.9,23.645,23.85,1468200,24.5,24.98,24.96,23.32,23.986258466037643,25.651840263719162,0.4441412332364479
253,24.01,24.03,23.81,23.9,488738,24.31,24.91,24.96,23.33,23.87557330781067,25.59014531146848,0.4281311451481304
254,23.87,24.015,23.77,23.92,702857,24.15,24.82,24.95,23.34,23.780767474415768,25.556056298270413,0.41505034906612115
255,24.01,24.1,23.635,23.69,847794,24.02,24.73,24.93,23.35,23.681966244046887,25.52656687269356,0.4186181812756839
256,23.69,23.86,23.46,23.82,679850,23.96,24.65,24.93,23.35,23.554605863675274,25.441439490478192,0.41728831118456355
257,23.41,23.77,23.37,23.47,663700,23.84,24.56,24.92,23.36,23.447530279968923,25.249283688339588,0.4196248603856661
258,24.01,24.16,23.95,24.0,490627,23.8,24.5,24.91,23.36,23.47694094034572,24.983373694629666,0.43893737035811864
259,24.17,24.18,23.99,24.03,644935,23.8,24.45,24.91,23.37,23.497932326071247,24.77712954012787,0.42115612961825316
260,24.22,24.31,24.13,24.31,1193103,23.89,24.43,24.9,23.37,23.534019602302994,24.589676960767086,0.41107354893123493
261,23.92,24.3316,23.88,24.32,1489607,23.94,24.38,24.89,23.38,23.557197612766387,24.450001239926753,0.41396829543614694
262,24.26,24.36,24.06,24.32,994644,23.99,24.31,24.88,23.38,23.56527221937555,24.411839858925003,0.40582770290499365
263,24.11,24.43,24.09,24.38,993592,24.04,24.23,24.87,23.39,23.57268772982016,24.388476052965085,0.40112572412606556
264,24.83,24.87,24.55,24.76,659239,24.16,24.19,24.87,23.39,23.546994079850766,24.478438731358057,0.4074738866884896
265,24.58,24.89,24.54,24.72,726565,24.26,24.16,24.86,23.4,23.536829320326163,24.54411345224366,0.4033686090678833
266,24.83,24.89,24.7,24.755,691686,24.4,24.15,24.84,23.4,23.57969090174771,24.64096482929128,0.3881279941344632
267,24.59,24.7,24.44,24.63,407370,24.47,24.17,24.82,23.4,23.626372891753874,24.694333371198045,0.3829045659820014
268,24.57,24.92,24.57,24.74,1820188,24.55,24.18,24.8,23.4,23.6584528354572,24.77366761102599,0.38055423984042996
269,24.75,24.88,24.69,24.74,513312,24.6,24.2,24.79,23.4,23.70074237624333,24.836538774937274,0.3669432227089705
270,24.88,25.17,24.81,25.15,520349,24.69,24.25,24.8,23.41,23.770251211429745,24.93709555200173,0.3714472782297586
271,25.0,25.17,24.9,25.16,452225,24.78,24.33,24.8,23.41,23.885944995346325,25.014691895033742,0.36420104407049037
272,25.1,25.38,25.1,25.32,423478,24.89,24.41,24.81,23.43,24.04216946870781,25.098860985567097,0.3581866837797409
273,25.06,25.22,25.04,25.1,356609,24.92,24.47,24.82,23.44,24.108410128111295,25.158728452068676,0.35260192065261664
274,25.28,25.3,25.12,25.16,419481,24.97,24.53,24.82,23.45,24.180044484488835,25.216662897124568,0.341701783463144
275,25.3,25.6,25.29,25.6,387914,25.07,24.62,24.83,23.46,24.237577854976543,25.316951633510083,0.3487230846443481
276,25.73,26.06,25.73,26.02,330338,25.22,24.73,24.85,23.47,24.33274570412987,25.492181482544076,0.35667143574118015
277,25.66,25.935,25.65,25.84,816523,25.34,24.85,24.86,23.48,24.43195492666353,25.607126983844683,0.3576234760453817
278,26.14,26.16,25.94,26.03,575229,25.49,24.95,24.86,23.49,24.534592710985574,25.74312506827473,0.354936084899283
279,26.2,26.275,26.15,26.25,325489,25.61,25.07,24.87,23.5,24.574945058897242,25.88762852096302,0.3470835074064769
280,26.36,26.45,26.28,26.43,261379,25.75,25.17,24.89,23.51,24.637812139401007,26.042513726433175,0.3365775425917285
